creation_time,bytes_in,bytes_out,end_time,src_ip,src_ip_country_code,time,traffic_ratio,hour_of_day,day_of_week,byte_interaction,anomaly_score,anomaly
2024-04-25 23:00:00+00:00,-0.28821898308929617,-0.2812227163556807,2024-04-25 23:10:00+00:00,147.161.161.82,0,2024-04-25 23:00:00+00:00,0.8636416443242942,23,3,-0.21690098560036178,1,0
2024-04-25 23:00:00+00:00,-0.2821083325450911,-0.2608042476158271,2024-04-25 23:10:00+00:00,165.225.33.6,6,2024-04-25 23:00:00+00:00,-0.6134863648317913,23,3,-0.21680891677705924,1,0
2024-04-25 23:00:00+00:00,-0.28268921856679624,-0.27934434298045935,2024-04-25 23:10:00+00:00,165.225.212.255,2,2024-04-25 23:00:00+00:00,-0.7123769597399808,23,3,-0.21684244992202287,1,0
2024-04-25 23:00:00+00:00,-0.28219669675288167,-0.27616132533625587,2024-04-25 23:10:00+00:00,136.226.64.114,6,2024-04-25 23:00:00+00:00,-0.7166754085660053,23,3,-0.21683262646755333,1,0
2024-04-25 23:00:00+00:00,-0.28799589967946426,-0.27767817078151824,2024-04-25 23:10:00+00:00,165.225.240.79,5,2024-04-25 23:00:00+00:00,0.701376201118041,23,3,-0.21689762014606745,1,0
2024-04-25 23:00:00+00:00,-0.28862845220517813,-0.31856226407817656,2024-04-25 23:10:00+00:00,136.226.77.103,2,2024-04-25 23:00:00+00:00,-0.3534247499504166,23,3,-0.21691211256680418,1,0
2024-04-25 23:00:00+00:00,-0.2852865468384106,-0.21749162974618394,2024-04-25 23:10:00+00:00,165.225.26.101,3,2024-04-25 23:00:00+00:00,0.28908677914271197,23,3,-0.2168171533881216,1,0
2024-04-25 23:00:00+00:00,0.8615574983973137,0.8133030915949376,2024-04-25 23:10:00+00:00,155.91.45.242,6,2024-04-25 23:00:00+00:00,-1.0634733906451923,23,3,0.04457197841715772,1,0
2024-04-25 23:00:00+00:00,-0.2870272734454323,-0.2713042761902861,2024-04-25 23:10:00+00:00,165.225.209.4,2,2024-04-25 23:00:00+00:00,0.14098069176302994,23,3,-0.21688391931429532,1,0
2024-04-25 23:00:00+00:00,-0.2872402167002718,-0.3071977121929463,2024-04-25 23:10:00+00:00,147.161.131.1,1,2024-04-25 23:00:00+00:00,-0.5516749943476775,23,3,-0.216903085988437,1,0
2024-04-25 23:10:00+00:00,-0.2757596297908273,-0.20308552766760365,2024-04-25 23:20:00+00:00,165.225.33.6,6,2024-04-25 23:10:00+00:00,-0.6251593985014704,23,3,-0.21656087240422697,1,0
2024-04-25 23:10:00+00:00,-0.2851865938820573,-0.2124459573324095,2024-04-25 23:20:00+00:00,136.226.67.101,6,2024-04-25 23:10:00+00:00,0.3174116509558283,23,3,-0.21681049139142072,1,0
2024-04-25 23:10:00+00:00,-0.2827978630845715,-0.3132808125796463,2024-04-25 23:20:00+00:00,165.225.212.255,2,2024-04-25 23:10:00+00:00,-0.9686529515686179,23,3,-0.21688917182524833,1,0
2024-04-25 23:10:00+00:00,-0.2717653744528846,-0.25790416487333057,2024-04-25 23:20:00+00:00,136.226.64.114,6,2024-04-25 23:10:00+00:00,-0.8966422552176656,23,3,-0.21665210919414363,1,0
2024-04-25 23:10:00+00:00,-0.2885864429916383,-0.2879345609683962,2024-04-25 23:20:00+00:00,94.188.248.74,4,2024-04-25 23:10:00+00:00,1.2446659823551487,23,3,-0.21690601602293527,1,0
2024-04-25 23:10:00+00:00,0.18578521778341858,-0.17990451398469445,2024-04-25 23:20:00+00:00,165.225.240.79,5,2024-04-25 23:10:00+00:00,-1.0988538921734465,23,3,-0.2025529636910253,1,0
2024-04-25 23:10:00+00:00,-0.2878916009424,-0.28175714894779386,2024-04-25 23:20:00+00:00,136.226.77.103,2,2024-04-25 23:10:00+00:00,0.4612235647824746,23,3,-0.21689784986113933,1,0
2024-04-25 23:10:00+00:00,-0.2875651845245507,-0.30760639593985634,2024-04-25 23:20:00+00:00,165.225.26.101,3,2024-04-25 23:10:00+00:00,-0.4710064734949862,23,3,-0.21690486411771753,1,0
2024-04-25 23:10:00+00:00,0.8704436542222845,0.8116054821846957,2024-04-25 23:20:00+00:00,155.91.45.242,6,2024-04-25 23:10:00+00:00,-1.0639499320537866,23,3,0.04620004298375987,1,0
2024-04-25 23:10:00+00:00,-0.28671775728590354,-0.23552087042717856,2024-04-25 23:20:00+00:00,165.225.209.4,2,2024-04-25 23:10:00+00:00,0.6622772522890132,23,3,-0.21685992893292574,1,0
2024-04-25 23:10:00+00:00,-0.2875902934797699,-0.3084237634336765,2024-04-25 23:20:00+00:00,147.161.131.1,1,2024-04-25 23:10:00+00:00,-0.48447239169731876,23,3,-0.21690530801454266,1,0
2024-04-25 23:20:00+00:00,-0.2824840011443318,-0.2638615164148275,2024-04-25 23:30:00+00:00,165.225.33.6,6,2024-04-25 23:20:00+00:00,-0.6094906460674416,23,3,-0.21681853694161032,1,0
2024-04-25 23:20:00+00:00,-0.283251272872087,-0.19944274080812632,2024-04-25 23:30:00+00:00,136.226.67.101,6,2024-04-25 23:20:00+00:00,-0.01351571538403694,23,3,-0.21674821234169356,1,0
2024-04-25 23:20:00+00:00,-0.2824955898928945,-0.2707619842953477,2024-04-25 23:30:00+00:00,165.225.213.7,2,2024-04-25 23:20:00+00:00,-0.6598045047015958,23,3,-0.2168283760957033,1,0
2024-04-25 23:20:00+00:00,-0.27506913352229995,-0.28264525016704073,2024-04-25 23:30:00+00:00,136.226.64.114,6,2024-04-25 23:20:00+00:00,-0.9362155069871541,23,3,-0.21677197358479044,1,0
2024-04-25 23:20:00+00:00,-0.2885953759853221,-0.30228957757861274,2024-04-25 23:30:00+00:00,165.225.240.79,5,2024-04-25 23:20:00+00:00,0.49502141660473425,23,3,-0.2169088730249872,1,0
2024-04-25 23:20:00+00:00,-0.28882256374360327,-0.28889339591306984,2024-04-25 23:30:00+00:00,165.225.8.79,6,2024-04-25 23:20:00+00:00,1.9216896213902859,23,3,-0.21690823417587016,1,0
2024-04-25 23:20:00+00:00,-0.2875651845245507,-0.3084159041308513,2024-04-25 23:30:00+00:00,165.225.26.101,3,2024-04-25 23:20:00+00:00,-0.49216633660835823,23,3,-0.2169051861658093,1,0
2024-04-25 23:20:00+00:00,-0.2882368490766637,-0.28507377474002565,2024-04-25 23:30:00+00:00,165.225.209.4,2,2024-04-25 23:20:00+00:00,0.7388144898528831,23,3,-0.21690218560980362,1,0
2024-04-25 23:20:00+00:00,-0.28838219129822085,-0.2868028213615683,2024-04-25 23:30:00+00:00,147.161.131.1,1,2024-04-25 23:20:00+00:00,0.8892039163950121,23,3,-0.21690395353128125,1,0
2024-04-25 23:20:00+00:00,-0.28770666382992033,-0.3075592401229052,2024-04-25 23:30:00+00:00,136.226.80.97,6,2024-04-25 23:20:00+00:00,-0.4207718926734568,23,3,-0.21690553856414854,1,0
2024-04-25 23:20:00+00:00,-0.28955217203852973,-0.3301940322594634,2024-04-25 23:30:00+00:00,192.241.230.19,6,2024-04-25 23:20:00+00:00,4.5179961335412395,23,3,-0.21691466769462617,-1,1
2024-04-25 23:30:00+00:00,-0.2840069558512795,-0.23746997752782664,2024-04-25 23:40:00+00:00,136.226.67.101,6,2024-04-25 23:30:00+00:00,-0.22222874708870363,23,3,-0.21681007483028653,1,0
2024-04-25 23:30:00+00:00,-0.2827041873670231,-0.27934434298045935,2024-04-25 23:40:00+00:00,165.225.212.255,2,2024-04-25 23:30:00+00:00,-0.7114979078667604,23,3,-0.2168426070115684,1,0
2024-04-25 23:30:00+00:00,-0.2881653851271937,-0.28681068066439347,2024-04-25 23:40:00+00:00,136.226.77.103,2,2024-04-25 23:30:00+00:00,0.5797811989869749,23,3,-0.216902001103296,1,0
2024-04-25 23:30:00+00:00,-0.28704272511018253,-0.2409280707709119,2024-04-25 23:40:00+00:00,165.225.26.101,3,2024-04-25 23:30:00+00:00,0.7786201304220692,23,3,-0.2168688745396743,1,0
2024-04-25 23:30:00+00:00,0.7221093626456033,0.7816143826037562,2024-04-25 23:40:00+00:00,155.91.45.242,6,2024-04-25 23:30:00+00:00,-1.057922302648714,23,3,0.006538415327337367,-1,1
2024-04-25 23:30:00+00:00,-0.28834501072991553,-0.2870307411434989,2024-04-25 23:40:00+00:00,165.225.209.4,2,2024-04-25 23:30:00+00:00,0.8186807935857091,23,3,-0.2169036737592209,1,0
2024-04-25 23:30:00+00:00,-0.2885526424749972,-0.2864019969174834,2024-04-25 23:40:00+00:00,136.226.80.97,6,2024-04-25 23:30:00+00:00,1.2452470165193334,23,3,-0.21690540925879012,1,0
2024-04-25 23:30:00+00:00,-0.2893416431063074,-0.32964388106169984,2024-04-25 23:40:00+00:00,192.241.230.19,6,2024-04-25 23:30:00+00:00,-0.5167193397867799,23,3,-0.21691455600403003,1,0
2024-04-25 23:40:00+00:00,-0.28070005816246174,-0.21849762050780874,2024-04-25 23:50:00+00:00,165.225.33.6,6,2024-04-25 23:40:00+00:00,-0.4431095593895111,23,3,-0.21671453775526084,1,0
2024-04-25 23:40:00+00:00,-0.2866578820849963,-0.23171303820837216,2024-04-25 23:50:00+00:00,136.226.67.101,6,2024-04-25 23:40:00+00:00,0.6942787762356227,23,3,-0.21685658032733812,1,0
2024-04-25 23:40:00+00:00,-0.27569830599634965,-0.2528034773397798,2024-04-25 23:50:00+00:00,165.225.212.255,2,2024-04-25 23:40:00+00:00,-0.8152701236143838,23,3,-0.2166960720309647,1,0
2024-04-25 23:40:00+00:00,0.19714991720723615,-0.01793607171168748,2024-04-25 23:50:00+00:00,165.225.240.79,5,2024-04-25 23:40:00+00:00,-1.0817946765485456,23,3,-0.18657762720302165,1,0
2024-04-25 23:40:00+00:00,-0.2885903059078259,-0.2875337365243113,2024-04-25 23:50:00+00:00,94.188.248.74,4,2024-04-25 23:40:00+00:00,1.2753822506986212,23,3,-0.21690597199806977,1,0
2024-04-25 23:40:00+00:00,-0.2815395181364721,-0.2930273891991218,2024-04-25 23:50:00+00:00,136.226.77.103,2,2024-04-25 23:40:00+00:00,-0.8594441593087252,23,3,-0.21685217697615408,1,0
2024-04-25 23:40:00+00:00,-0.28777909350843717,-0.2746759171022942,2024-04-25 23:50:00+00:00,165.225.26.101,3,2024-04-25 23:40:00+00:00,0.5694307963908909,23,3,-0.21689420620376873,1,0
2024-04-25 23:40:00+00:00,0.8593626377059914,0.8071571167856361,2024-04-25 23:50:00+00:00,155.91.45.242,6,2024-04-25 23:40:00+00:00,-1.063654222713845,23,3,0.0426732043852236,1,0
2024-04-25 23:40:00+00:00,-0.28528944402555123,-0.18934746632916483,2024-04-25 23:50:00+00:00,165.225.209.4,2,2024-04-25 23:40:00+00:00,0.6347245282758985,23,3,-0.21679332237565138,1,0
2024-04-25 23:50:00+00:00,-0.27491992838455526,-0.19115510597895943,2024-04-26 00:00:00+00:00,165.225.33.6,6,2024-04-25 23:50:00+00:00,-0.6105677153961395,23,3,-0.21650470155738782,1,0
2024-04-25 23:50:00+00:00,-0.2843328894046053,-0.24888954453283327,2024-04-26 00:00:00+00:00,136.226.67.101,6,2024-04-25 23:50:00+00:00,-0.2809613827451228,23,3,-0.21682806392656737,1,0
2024-04-25 23:50:00+00:00,-0.282739919341758,-0.3038575084922389,2024-04-26 00:00:00+00:00,165.225.213.7,2,2024-04-25 23:50:00+00:00,-0.897561143555629,23,3,-0.21687618848425175,1,0
2024-04-25 23:50:00+00:00,-0.288431684911874,-0.29956632914968306,2024-04-26 00:00:00+00:00,165.225.240.79,5,2024-04-25 23:50:00+00:00,0.38900362907551583,23,3,-0.2169072844540044,1,0
2024-04-25 23:50:00+00:00,-0.28716488983461425,-0.30615242491719546,2024-04-26 00:00:00+00:00,165.225.26.101,3,2024-04-25 23:50:00+00:00,-0.546549672777999,23,3,-0.2169022126911461,1,0
2024-04-25 23:50:00+00:00,0.8672941703681101,0.8123403269988514,2024-04-26 00:00:00+00:00,155.91.45.242,6,2024-04-25 23:50:00+00:00,-1.0637758341913515,23,3,0.045654247382542555,1,0
2024-04-25 23:50:00+00:00,-0.286971744025236,-0.30378677476681215,2024-04-26 00:00:00+00:00,165.225.209.4,2,2024-04-25 23:50:00+00:00,-0.5411106729447747,23,3,-0.21689999294815682,1,0
2024-04-25 23:50:00+00:00,-0.28860672330162307,-0.2859933131705733,2024-04-26 00:00:00+00:00,147.161.131.1,1,2024-04-25 23:50:00+00:00,1.3998057554915289,23,3,-0.2169058229408197,1,0
2024-04-25 23:50:00+00:00,-0.2885526424749972,-0.2868028213615683,2024-04-26 00:00:00+00:00,136.226.80.97,6,2024-04-25 23:50:00+00:00,1.2246153467428822,23,3,-0.21690549023642886,1,0
2024-04-26 00:00:00+00:00,-0.2832087807940238,-0.27959584067086557,2024-04-26 00:10:00+00:00,147.161.161.82,0,2024-04-26 00:00:00+00:00,-0.6815185426887189,0,4,-0.21684821975599838,1,0
2024-04-26 00:00:00+00:00,-0.28141662911525517,-0.2531571459669135,2024-04-26 00:10:00+00:00,165.225.33.6,6,2024-04-26 00:00:00+00:00,-0.6069038052050582,0,4,-0.21678674915184395,1,0
2024-04-26 00:00:00+00:00,-0.2826274119077952,-0.16222501227942093,2024-04-26 00:10:00+00:00,136.226.67.101,6,2024-04-26 00:00:00+00:00,0.16854227986159587,0,4,-0.21668053406557555,1,0
2024-04-26 00:00:00+00:00,-0.28269597867012447,-0.2801617104742795,2024-04-26 00:10:00+00:00,165.225.212.255,2,2024-04-26 00:00:00+00:00,-0.7182149264240016,0,4,-0.21684363522515496,1,0
2024-04-26 00:00:00+00:00,-0.2885362250812,-0.28711719347457604,2024-04-26 00:10:00+00:00,94.188.248.74,4,2024-04-26 00:00:00+00:00,1.1715776303933536,0,4,-0.21690540676045578,1,0
2024-04-26 00:00:00+00:00,-0.28742901672893906,-0.273449865861564,2024-04-26 00:10:00+00:00,165.225.26.101,3,2024-04-26 00:00:00+00:00,0.32409972204542786,0,4,-0.2168896874001893,1,0
2024-04-26 00:00:00+00:00,0.8677181254196954,0.8158809429216012,2024-04-26 00:10:00+00:00,155.91.45.242,6,2024-04-26 00:00:00+00:00,-1.063634397898925,0,4,0.04656297190765865,1,0
2024-04-26 00:00:00+00:00,-0.28547969264778883,-0.2523083412617926,2024-04-26 00:10:00+00:00,165.225.209.4,2,2024-04-26 00:00:00+00:00,-0.09083775554417131,0,4,-0.21684979835565468,1,0
2024-04-26 00:10:00+00:00,-0.28816876517885787,-0.280829751214421,2024-04-26 00:20:00+00:00,147.161.161.82,0,2024-04-26 00:10:00+00:00,0.8074734952688304,0,4,-0.2169003679925425,1,0
2024-04-26 00:10:00+00:00,-0.28263513774017035,-0.22072180320733858,2024-04-26 00:20:00+00:00,136.226.67.101,6,2024-04-26 00:10:00+00:00,-0.2722989418195509,0,4,-0.21676125199115834,1,0
2024-04-26 00:10:00+00:00,-0.28256946816498174,-0.2707541249925225,2024-04-26 00:20:00+00:00,165.225.213.7,2,2024-04-26 00:10:00+00:00,-0.6549358765748283,0,4,-0.21682926622288817,1,0
2024-04-26 00:10:00+00:00,-0.27888328039299737,-0.24611521063553984,2024-04-26 00:20:00+00:00,136.226.64.114,6,2024-04-26 00:10:00+00:00,-0.6929392513087831,0,4,-0.21673208361767815,1,0
2024-04-26 00:10:00+00:00,0.19811926773805336,-0.11499060230000605,2024-04-26 00:20:00+00:00,165.225.240.79,5,2024-04-26 00:10:00+00:00,-1.0922985993664487,0,4,-0.1959028395225852,1,0
2024-04-26 00:10:00+00:00,-0.28872695656796105,-0.3212658642500432,2024-04-26 00:20:00+00:00,94.188.248.74,4,2024-04-26 00:10:00+00:00,-0.4324050253805215,0,4,-0.2169128330442933,1,0
2024-04-26 00:10:00+00:00,-0.28554005071321953,-0.2277008641161107,2024-04-26 00:20:00+00:00,165.225.26.101,3,2024-04-26 00:10:00+00:00,0.2446128496277678,0,4,-0.21683108419909672,1,0
2024-04-26 00:10:00+00:00,0.8678675719897019,0.8110828385468204,2024-04-26 00:20:00+00:00,155.91.45.242,6,2024-04-26 00:10:00+00:00,-1.0638585157544664,0,4,0.04549578397227913,1,0
2024-04-26 00:10:00+00:00,-0.28797658509852647,-0.28199292803254966,2024-04-26 00:20:00+00:00,165.225.209.4,2,2024-04-26 00:10:00+00:00,0.537494996965999,0,4,-0.21689877563097693,1,0
2024-04-26 00:10:00+00:00,-0.2871788929057942,-0.2742672333553841,2024-04-26 00:20:00+00:00,147.161.131.1,1,2024-04-26 00:10:00+00:00,0.155669843564701,0,4,-0.21688715791792001,1,0
2024-04-26 00:20:00+00:00,-0.28323388974924296,-0.27959584067086557,2024-04-26 00:30:00+00:00,147.161.161.82,0,2024-04-26 00:20:00+00:00,-0.6797985026105331,0,4,-0.21684848200886528,1,0
2024-04-26 00:20:00+00:00,-0.2843932474700361,-0.20457879520439048,2024-04-26 00:30:00+00:00,136.226.67.101,6,2024-04-26 00:20:00+00:00,0.17752879498396434,0,4,-0.21678356363481438,1,0
2024-04-26 00:20:00+00:00,-0.28268487278608523,-0.2797530267273694,2024-04-26 00:30:00+00:00,165.225.212.255,2,2024-04-26 00:20:00+00:00,-0.7157436674131313,0,4,-0.2168429623951162,1,0
2024-04-26 00:20:00+00:00,-0.2872537369069283,-0.2449127373032852,2024-04-26 00:30:00+00:00,165.225.240.79,5,2024-04-26 00:20:00+00:00,0.8609189574228197,0,4,-0.21687452770896024,1,0
2024-04-26 00:20:00+00:00,-0.2876916950296935,-0.2767114765340194,2024-04-26 00:30:00+00:00,94.188.248.74,4,2024-04-26 00:20:00+00:00,0.4342958151579343,0,4,-0.2168939668445242,1,0
2024-04-26 00:20:00+00:00,-0.2814443938253533,-0.2946542648839369,2024-04-26 00:30:00+00:00,136.226.77.103,2,2024-04-26 00:20:00+00:00,-0.8729411121247067,0,4,-0.21685405855002232,1,0
2024-04-26 00:20:00+00:00,-0.28800700556350356,-0.2859225794451466,2024-04-26 00:30:00+00:00,165.225.26.101,3,2024-04-26 00:20:00+00:00,0.43791369648045536,0,4,-0.2169002979676919,1,0
2024-04-26 00:20:00+00:00,-0.28554005071321953,-0.25660345025576103,2024-04-26 00:30:00+00:00,165.225.209.4,2,2024-04-26 00:20:00+00:00,-0.1313672664609662,0,4,-0.21685418886111082,1,0
2024-04-26 00:30:00+00:00,-0.28860141179186516,-0.3199140641641099,2024-04-26 00:40:00+00:00,147.161.161.82,0,2024-04-26 00:30:00+00:00,-0.44775124951865136,0,4,-0.2169122991020797,1,0
2024-04-26 00:30:00+00:00,-0.2802618586074348,-0.19681380401309898,2024-04-26 00:40:00+00:00,136.226.67.101,6,2024-04-26 00:30:00+00:00,-0.35261693061884525,0,4,-0.2166646233750376,1,0
2024-04-26 00:30:00+00:00,-0.275788601662234,-0.28428784445750627,2024-04-26 00:40:00+00:00,165.225.212.255,2,2024-04-26 00:30:00+00:00,-0.9330982859945277,0,4,-0.21678354234479158,1,0
2024-04-26 00:30:00+00:00,0.003912122137247221,-0.07934866398775205,2024-04-26 00:40:00+00:00,165.225.240.79,5,2024-04-26 00:30:00+00:00,-1.0704685601780202,0,4,-0.20219593797584826,1,0
2024-04-26 00:30:00+00:00,-0.28872309365177345,-0.32186317126475794,2024-04-26 00:40:00+00:00,94.188.248.74,4,2024-04-26 00:30:00+00:00,-0.47243832557517923,0,4,-0.21691292510038937,1,0
2024-04-26 00:30:00+00:00,-0.2863512631126083,-0.2629655558927554,2024-04-26 00:40:00+00:00,165.225.26.101,3,2024-04-26 00:30:00+00:00,0.012978275860158098,0,4,-0.21687042258289532,1,0
2024-04-26 00:30:00+00:00,0.8701928061023545,0.8264870720842002,2024-04-26 00:40:00+00:00,155.91.45.242,6,2024-04-26 00:30:00+00:00,-1.063265820508581,0,4,0.04956547825387537,1,0
2024-04-26 00:30:00+00:00,-0.2864009981585232,-0.2605566795768335,2024-04-26 00:40:00+00:00,165.225.209.4,2,2024-04-26 00:30:00+00:00,0.07052835374944032,0,4,-0.21686959164215447,1,0
2024-04-26 00:30:00+00:00,-0.2883068644325633,-0.2863941376146582,2024-04-26 00:40:00+00:00,147.161.131.1,1,2024-04-26 00:30:00+00:00,0.7867324106145774,0,4,-0.2169031719379116,1,0
2024-04-26 00:40:00+00:00,-0.2873860417863524,-0.3119840276134893,2024-04-26 00:50:00+00:00,165.225.33.6,6,2024-04-26 00:40:00+00:00,-0.6288974123919506,0,4,-0.21690588511171977,1,0
2024-04-26 00:40:00+00:00,-0.28206873765416857,-0.17608882246306284,2024-04-26 00:50:00+00:00,136.226.67.101,6,2024-04-26 00:40:00+00:00,-0.023988892676128908,0,4,-0.21668232216561822,1,0
2024-04-26 00:40:00+00:00,-0.28268632137965555,-0.27974516742454425,2024-04-26 00:50:00+00:00,165.225.212.255,2,2024-04-26 00:40:00+00:00,-0.7155996640756598,0,4,-0.2168429667498936,1,0
2024-04-26 00:40:00+00:00,-0.2790305540726483,-0.28148207334891207,2024-04-26 00:50:00+00:00,136.226.64.114,6,2024-04-26 00:40:00+00:00,-0.8629896697802768,0,4,-0.21680852242250548,1,0
2024-04-26 00:40:00+00:00,-0.28309627336006093,-0.15441286527117828,2024-04-26 00:50:00+00:00,165.225.240.79,5,2024-04-26 00:40:00+00:00,0.3248008073387604,0,4,-0.2166863126045908,1,0
2024-04-26 00:40:00+00:00,-0.2887974547883841,-0.28889339591306984,2024-04-26 00:50:00+00:00,165.225.8.79,6,2024-04-26 00:40:00+00:00,1.8231603946217945,0,4,-0.21690801821442995,1,0
2024-04-26 00:40:00+00:00,-0.2809055170171879,-0.29260298684656133,2024-04-26 00:50:00+00:00,136.226.77.103,2,2024-04-26 00:40:00+00:00,-0.8756207971872579,0,4,-0.2168465143756559,1,0
2024-04-26 00:40:00+00:00,-0.28736672720541456,-0.3096498146744067,2024-04-26 00:50:00+00:00,165.225.26.101,3,2024-04-26 00:40:00+00:00,-0.5776394093218172,0,4,-0.21690478694176107,1,0
2024-04-26 00:40:00+00:00,0.8697002842884399,0.8189971564917906,2024-04-26 00:50:00+00:00,155.91.45.242,6,2024-04-26 00:40:00+00:00,-1.0635823874521881,0,4,0.047730579881531156,1,0
2024-04-26 00:40:00+00:00,-0.284069245374804,-0.17352276009063708,2024-04-26 00:50:00+00:00,165.225.209.4,2,2024-04-26 00:40:00+00:00,0.39738033845397824,0,4,-0.2167414764236435,1,0
2024-04-26 00:50:00+00:00,-0.28256029373903624,-0.2675239515313678,2024-04-26 01:00:00+00:00,165.225.33.6,6,2024-04-26 00:50:00+00:00,-0.6313773697115544,0,4,-0.21682466354375263,1,0
2024-04-26 00:50:00+00:00,-0.28282635209145485,-0.31409032077064125,2024-04-26 01:00:00+00:00,165.225.212.255,2,2024-04-26 00:50:00+00:00,-0.9743259147171356,0,4,-0.21689036180824228,1,0
2024-04-26 00:50:00+00:00,-0.28120344442815387,-0.2927994694171912,2024-04-26 01:00:00+00:00,136.226.77.103,2,2024-04-26 00:50:00+00:00,-0.8683059334283615,0,4,-0.21684918371724124,1,0
2024-04-26 00:50:00+00:00,-0.2883068644325633,-0.2859933131705733,2024-04-26 01:00:00+00:00,165.225.26.101,3,2024-04-26 00:50:00+00:00,0.8033543362466192,0,4,-0.2169030714258567,1,0
2024-04-26 00:50:00+00:00,0.8716225679562772,0.8103204861727766,2024-04-26 01:00:00+00:00,155.91.45.242,6,2024-04-26 00:50:00+00:00,-1.06406046885622,0,4,0.046171568282221354,1,0
2024-04-26 00:50:00+00:00,-0.28794375031093217,-0.2795368958996766,2024-04-26 01:00:00+00:00,165.225.209.4,2,2024-04-26 00:50:00+00:00,0.5832768059205167,0,4,-0.21689765556936338,1,0
2024-04-26 01:00:00+00:00,-0.28857243992045845,-0.3199140641641099,2024-04-26 01:10:00+00:00,147.161.161.82,0,2024-04-26 01:00:00+00:00,-0.46712037540453,1,4,-0.21691222812530353,1,0
2024-04-26 01:00:00+00:00,-0.2870939087496677,-0.26867926904667133,2024-04-26 01:10:00+00:00,136.226.67.101,6,2024-04-26 01:00:00+00:00,0.23034225485056456,1,4,-0.21688343523341752,1,0
2024-04-26 01:00:00+00:00,-0.2827997945426653,-0.3136816370237312,2024-04-26 01:10:00+00:00,165.225.212.255,2,2024-04-26 01:00:00+00:00,-0.9717151864479288,1,4,-0.21688971731097068,1,0
2024-04-26 01:00:00+00:00,-0.2885903059078259,-0.28752587722148615,2024-04-26 01:10:00+00:00,94.188.248.74,4,2024-04-26 01:00:00+00:00,1.275802321943294,1,4,-0.21690597046896873,1,0
2024-04-26 01:00:00+00:00,-0.2780373017479206,-0.24029146724207123,2024-04-26 01:10:00+00:00,136.226.77.103,2,2024-04-26 01:00:00+00:00,-0.6974649838662499,1,4,-0.21670431170323917,1,0
2024-04-26 01:00:00+00:00,-0.2887684829169774,-0.28889339591306984,2024-04-26 01:10:00+00:00,165.225.8.79,6,2024-04-26 01:00:00+00:00,1.7171294745598709,1,4,-0.21690776902815276,1,0
2024-04-26 01:00:00+00:00,-0.2873174750240231,-0.24011856257991696,2024-04-26 01:10:00+00:00,165.225.26.101,3,2024-04-26 01:00:00+00:00,1.0283558819699428,1,4,-0.2168734890189246,1,0
2024-04-26 01:00:00+00:00,0.8758903660467519,0.870915710955021,2024-04-26 01:10:00+00:00,155.91.45.242,6,2024-04-26 01:00:00+00:00,-1.0615227899263184,1,4,0.061142100619151235,-1,1
2024-04-26 01:00:00+00:00,-0.2869567752250092,-0.2404329346929247,2024-04-26 01:10:00+00:00,165.225.209.4,2,2024-04-26 01:00:00+00:00,0.7262828071559906,1,4,-0.21686706109433054,1,0
2024-04-26 01:00:00+00:00,-0.28720400186101336,-0.27590196834302444,2024-04-26 01:10:00+00:00,147.161.131.1,1,2024-04-26 01:00:00+00:00,0.13294165471941,1,4,-0.21688821412940665,1,0
2024-04-26 01:10:00+00:00,-0.2856936016316753,-0.2241484592391231,2024-04-26 01:20:00+00:00,136.226.67.101,6,2024-04-26 01:10:00+00:00,0.3465164884047165,1,4,-0.21683153644126166,1,0
2024-04-26 01:10:00+00:00,-0.28256753670688795,-0.2711628087394326,2024-04-26 01:20:00+00:00,165.225.213.7,2,2024-04-26 01:10:00+00:00,-0.6581230063642823,1,4,-0.21682981025175047,1,0
2024-04-26 01:10:00+00:00,-0.28867287574133516,-0.3216824072997785,2024-04-26 01:20:00+00:00,94.188.248.74,4,2024-04-26 01:10:00+00:00,-0.4978348569697813,1,4,-0.21691278927302377,1,0
2024-04-26 01:10:00+00:00,-0.2878375201157741,-0.2813484652008838,2024-04-26 01:20:00+00:00,136.226.77.103,2,2024-04-26 01:10:00+00:00,0.4244023679251197,1,4,-0.21689716766836678,1,0
2024-04-26 01:10:00+00:00,-0.28882256374360327,-0.2884847121661598,2024-04-26 01:20:00+00:00,165.225.8.79,6,2024-04-26 01:10:00+00:00,1.9503075504642406,1,4,-0.21690817348440544,1,0
2024-04-26 01:10:00+00:00,-0.2871542668150985,-0.273449865861564,2024-04-26 01:20:00+00:00,165.225.26.101,3,2024-04-26 01:10:00+00:00,0.16045107149497503,1,4,-0.21688648291312632,1,0
2024-04-26 01:10:00+00:00,0.8636384030611028,0.8072082022539998,2024-04-26 01:20:00+00:00,155.91.45.242,6,2024-04-26 01:10:00+00:00,-1.0638447339328305,1,4,0.043650944041411656,1,0
2024-04-26 01:10:00+00:00,-0.2894440103852779,-0.32889724729330644,2024-04-26 01:20:00+00:00,165.225.209.4,2,2024-04-26 01:10:00+00:00,0.2714119736452571,1,4,-0.2169145904148233,1,0
2024-04-26 01:10:00+00:00,-0.28803211451872274,-0.28633126319205665,2024-04-26 01:20:00+00:00,147.161.131.1,1,2024-04-26 01:10:00+00:00,0.44933138608212514,1,4,-0.2169006534686313,1,0
2024-04-26 01:20:00+00:00,-0.2872489082616938,-0.2686949876523217,2024-04-26 01:30:00+00:00,147.161.161.82,0,2024-04-26 01:20:00+00:00,0.3198143141375704,1,4,-0.21688539690072484,1,0
2024-04-26 01:20:00+00:00,-0.28367039927843785,-0.23177198297956111,2024-04-26 01:30:00+00:00,136.226.67.101,6,2024-04-26 01:20:00+00:00,-0.22254581667693132,1,4,-0.21679708090372685,1,0
2024-04-26 01:20:00+00:00,-0.2824284717241356,-0.2703611598512628,2024-04-26 01:30:00+00:00,165.225.212.255,2,2024-04-26 01:20:00+00:00,-0.6611451080741462,1,4,-0.21682698977824405,1,0
2024-04-26 01:20:00+00:00,-0.28228554382519566,-0.27615346603343066,2024-04-26 01:30:00+00:00,136.226.64.114,6,2024-04-26 01:20:00+00:00,-0.7117534553548747,1,4,-0.21683360359245973,1,0
2024-04-26 01:20:00+00:00,0.1666954102812553,-0.19745826684476486,2024-04-26 01:30:00+00:00,165.225.240.79,5,2024-04-26 01:20:00+00:00,-1.1001682203921832,1,4,-0.20471786651312288,1,0
2024-04-26 01:20:00+00:00,-0.288327144742548,-0.32095935143986065,2024-04-26 01:30:00+00:00,136.226.77.103,2,2024-04-26 01:20:00+00:00,-0.6390204789037981,1,4,-0.2169118851047483,1,0
2024-04-26 01:20:00+00:00,-0.2864898452308372,-0.2289819304766173,2024-04-26 01:30:00+00:00,165.225.26.101,3,2024-04-26 01:20:00+00:00,0.6420633067766708,1,4,-0.216851560909476,1,0
2024-04-26 01:20:00+00:00,0.866624437274091,0.8234926777078014,2024-04-26 01:30:00+00:00,155.91.45.242,6,2024-04-26 01:20:00+00:00,-1.0632399267408195,1,4,0.04805906590931651,1,0
2024-04-26 01:20:00+00:00,-0.2841716126537745,-0.20818228554974186,2024-04-26 01:30:00+00:00,165.225.209.4,2,2024-04-26 01:20:00+00:00,0.08945370096871699,1,4,-0.21678181031015625,1,0
2024-04-26 01:20:00+00:00,-0.28803211451872274,-0.28633126319205665,2024-04-26 01:30:00+00:00,147.161.131.1,1,2024-04-26 01:20:00+00:00,0.44933138608212514,1,4,-0.2169006534686313,1,0
2024-04-26 01:30:00+00:00,-0.28869798469655433,-0.32095935143986065,2024-04-26 01:40:00+00:00,147.161.161.82,0,2024-04-26 01:30:00+00:00,-0.4366646654621775,1,4,-0.21691271674306623,1,0
2024-04-26 01:30:00+00:00,-0.2838543706618707,-0.20253537646984007,2024-04-26 01:40:00+00:00,136.226.67.101,6,2024-04-26 01:30:00+00:00,0.0743809648429143,1,4,-0.2167676028511675,1,0
2024-04-26 01:30:00+00:00,-0.28271770757367953,-0.27934434298045935,2024-04-26 01:40:00+00:00,165.225.212.255,2,2024-04-26 01:30:00+00:00,-0.7107006251944539,1,4,-0.21684274889889987,1,0
2024-04-26 01:30:00+00:00,-0.2789870962655382,-0.27741095448546166,2024-04-26 01:40:00+00:00,136.226.64.114,6,2024-04-26 01:30:00+00:00,-0.8438557151199673,1,4,-0.21679954035362045,1,0
2024-04-26 01:30:00+00:00,0.013009772623487303,-0.14888777538506703,2024-04-26 01:40:00+00:00,165.225.240.79,5,2024-04-26 01:30:00+00:00,-1.0838798624645365,1,4,-0.20591196261351025,1,0
2024-04-26 01:30:00+00:00,-0.2885864429916383,-0.28752587722148615,2024-04-26 01:40:00+00:00,94.188.248.74,4,2024-04-26 01:30:00+00:00,1.2664240254909986,1,4,-0.21690593619663737,1,0
2024-04-26 01:30:00+00:00,-0.2887974547883841,-0.28889339591306984,2024-04-26 01:40:00+00:00,165.225.8.79,6,2024-04-26 01:30:00+00:00,1.8231603946217945,1,4,-0.21690801821442995,1,0
2024-04-26 01:30:00+00:00,-0.2861378369932453,-0.2954794916805823,2024-04-26 01:40:00+00:00,165.225.26.101,3,2024-04-26 01:30:00+00:00,-0.5537689827097075,1,4,-0.21688962713690296,1,0
2024-04-26 01:30:00+00:00,0.8714248349339262,0.8525013644355919,2024-04-26 01:40:00+00:00,155.91.45.242,6,2024-04-26 01:30:00+00:00,-1.0621463392405874,1,4,0.05583744828836902,1,0
2024-04-26 01:30:00+00:00,-0.28781047970246115,-0.2784051562928487,2024-04-26 01:40:00+00:00,165.225.209.4,2,2024-04-26 01:30:00+00:00,0.4884067057798079,1,4,-0.21689586685978735,1,0
2024-04-26 01:40:00+00:00,-0.2881653851271937,-0.2850423375287249,2024-04-26 01:50:00+00:00,165.225.33.6,6,2024-04-26 01:40:00+00:00,0.6457346924892473,1,4,-0.2169015080585149,1,0
2024-04-26 01:40:00+00:00,-0.2882455406380857,-0.2849323072891722,2024-04-26 01:50:00+00:00,136.226.67.101,6,2024-04-26 01:40:00+00:00,0.756565810169347,1,4,-0.21690222975356574,1,0
2024-04-26 01:40:00+00:00,-0.2826559009146785,-0.3034645433509792,2024-04-26 01:50:00+00:00,165.225.213.7,2,2024-04-26 01:40:00+00:00,-0.8972309195802368,1,4,-0.2168751762750553,1,0
2024-04-26 01:40:00+00:00,-0.2887974547883841,-0.2884847121661598,2024-04-26 01:50:00+00:00,165.225.8.79,6,2024-04-26 01:40:00+00:00,1.8508499816424853,1,4,-0.21690795548817723,1,0
2024-04-26 01:40:00+00:00,-0.2802087435098558,-0.25885514051517905,2024-04-26 01:50:00+00:00,136.226.77.103,2,2024-04-26 01:40:00+00:00,-0.7044546442401811,1,4,-0.21677837946910888,1,0
2024-04-26 01:40:00+00:00,0.8860058949484154,0.8535112848486293,2024-04-26 01:50:00+00:00,155.91.45.242,6,2024-04-26 01:40:00+00:00,-1.0627650737815306,1,4,0.0594983864095446,1,0
2024-04-26 01:40:00+00:00,-0.2881117871650912,-0.3144125521864742,2024-04-26 01:50:00+00:00,165.225.209.4,2,2024-04-26 01:40:00+00:00,-0.47413347056373706,1,4,-0.21690950720741134,1,0
2024-04-26 01:40:00+00:00,-0.2879818966082844,-0.2855138956982365,2024-04-26 01:50:00+00:00,147.161.131.1,1,2024-04-26 01:40:00+00:00,0.4268567115320032,1,4,-0.21689993839717656,1,0
2024-04-26 01:40:00+00:00,-0.28772066690110026,-0.2758941090401993,2024-04-26 01:50:00+00:00,136.226.80.97,6,2024-04-26 01:40:00+00:00,0.48171829398404364,1,4,-0.2168939860395582,1,0
2024-04-26 01:50:00+00:00,-0.2883305247942121,-0.31539496503962344,2024-04-26 02:00:00+00:00,147.161.161.82,0,2024-04-26 01:50:00+00:00,-0.4025712508213943,1,4,-0.2169105234470532,1,0
2024-04-26 01:50:00+00:00,-0.28061314254824155,-0.13777472119024295,2024-04-26 02:00:00+00:00,136.226.67.101,6,2024-04-26 01:50:00+00:00,0.022925179728826378,1,4,-0.21656918405449263,1,0
2024-04-26 01:50:00+00:00,-0.28259505998472434,-0.3034724026538044,2024-04-26 02:00:00+00:00,165.225.213.7,2,2024-04-26 01:50:00+00:00,-0.8991949326908774,1,4,-0.21687483964557047,1,0
2024-04-26 01:50:00+00:00,-0.2874294995934625,-0.2742672333553841,2024-04-26 02:00:00+00:00,165.225.26.101,3,2024-04-26 01:50:00+00:00,0.3044123791666726,1,4,-0.2168900401981115,1,0
2024-04-26 01:50:00+00:00,0.8585784657199156,0.8163053452741617,2024-04-26 02:00:00+00:00,155.91.45.242,6,2024-04-26 01:50:00+00:00,-1.0632008454920574,1,4,0.04457878794200763,1,0
2024-04-26 01:50:00+00:00,-0.2868292989908195,-0.23746997752782664,2024-04-26 02:00:00+00:00,165.225.209.4,2,2024-04-26 01:50:00+00:00,0.6973213161634165,1,4,-0.2168631286084375,1,0
2024-04-26 01:50:00+00:00,-0.28854201945548136,-0.28557677012083804,2024-04-26 02:00:00+00:00,147.161.131.1,1,2024-04-26 01:50:00+00:00,1.2629235523474893,1,4,-0.21690514418551443,1,0
2024-04-26 01:50:00+00:00,-0.2886139662694748,-0.3195053804171998,2024-04-26 02:00:00+00:00,136.226.80.97,6,2024-04-26 01:50:00+00:00,-0.41661049277211165,1,4,-0.21691225226282548,1,0
2024-04-26 08:00:00+00:00,-0.2809605635728607,-0.17888673426883187,2024-04-26 08:10:00+00:00,136.226.67.101,6,2024-04-26 08:00:00+00:00,-0.1815209334382152,8,4,-0.21665278034608432,1,0
2024-04-26 08:00:00+00:00,-0.2826810098698977,-0.30386536779506407,2024-04-26 08:10:00+00:00,165.225.213.7,2,2024-04-26 08:00:00+00:00,-0.8994856035892635,8,4,-0.2168758673429349,1,0
2024-04-26 08:00:00+00:00,-0.27884996274087964,-0.24406393259816425,2024-04-26 08:10:00+00:00,136.226.64.114,6,2024-04-26 08:00:00+00:00,-0.6842193059277298,8,4,-0.21672715345431606,1,0
2024-04-26 08:00:00+00:00,-0.2875912592088168,-0.3084237634336765,2024-04-26 08:10:00+00:00,165.225.26.101,3,2024-04-26 08:00:00+00:00,-0.48416456878475894,8,4,-0.21690531258077547,1,0
2024-04-26 08:00:00+00:00,4.104871828199997,4.26894423219876,2024-04-26 08:10:00+00:00,155.91.45.242,6,2024-04-26 08:00:00+00:00,-1.060752645331175,8,4,3.792485197858351,-1,1
2024-04-26 08:00:00+00:00,-0.2838167072290419,-0.16921586214243084,2024-04-26 08:10:00+00:00,165.225.209.4,2,2024-04-26 08:00:00+00:00,0.3702317098530801,8,4,-0.2167286123498935,1,0
2024-04-26 08:00:00+00:00,-0.28863907522469395,-0.3205506676929506,2024-04-26 08:10:00+00:00,136.226.80.97,6,2024-04-26 08:00:00+00:00,-0.4565773646962398,8,4,-0.21691250907278503,1,0
2024-04-26 08:10:00+00:00,-0.28571388194166,-0.22163348233506108,2024-04-26 08:20:00+00:00,136.226.67.101,6,2024-04-26 08:10:00+00:00,0.38839390437696514,8,4,-0.2168300474595679,1,0
2024-04-26 08:10:00+00:00,-0.28280124313623567,-0.3132729532768211,2024-04-26 08:20:00+00:00,165.225.212.255,2,2024-04-26 08:10:00+00:00,-0.9685186774778837,8,4,-0.21688917400075575,1,0
2024-04-26 08:10:00+00:00,-0.28869798469655433,-0.32186317126475794,2024-04-26 08:20:00+00:00,94.188.248.74,4,2024-04-26 08:10:00+00:00,-0.4909279316048682,8,4,-0.2169128732915568,1,0
2024-04-26 08:10:00+00:00,-0.2863010452021699,-0.2625490128430201,2024-04-26 08:20:00+00:00,165.225.26.101,3,2024-04-26 08:10:00+00:00,0.002327348885337965,8,4,-0.21686946234883622,1,0
2024-04-26 08:10:00+00:00,4.122149203713406,4.167610311222123,2024-04-26 08:20:00+00:00,155.91.45.242,6,2024-04-26 08:10:00+00:00,-1.062172266329415,8,4,3.7196013185410672,-1,1
2024-04-26 08:10:00+00:00,-0.285927308061023,-0.29075998033405337,2024-04-26 08:20:00+00:00,165.225.209.4,2,2024-04-26 08:10:00+00:00,-0.51831227898573,8,4,-0.216884680969527,1,0
2024-04-26 08:10:00+00:00,-0.2883068644325633,-0.2863941376146582,2024-04-26 08:20:00+00:00,147.161.131.1,1,2024-04-26 08:10:00+00:00,0.7867324106145774,8,4,-0.2169031719379116,1,0
2024-04-26 08:20:00+00:00,-0.2884898700869492,-0.28598545386774815,2024-04-26 08:30:00+00:00,147.161.161.82,0,2024-04-26 08:20:00+00:00,1.1284263268189498,8,4,-0.21690474900620935,1,0
2024-04-26 08:20:00+00:00,-0.2822329115921401,-0.21897703798014556,2024-04-26 08:30:00+00:00,136.226.67.101,6,2024-04-26 08:20:00+00:00,-0.3060551380208773,8,4,-0.21674981629831486,1,0
2024-04-26 08:20:00+00:00,-0.28265976383086605,-0.27894351853637445,2024-04-26 08:30:00+00:00,165.225.212.255,2,2024-04-26 08:20:00+00:00,-0.7110543135146461,8,4,-0.2168415914672461,1,0
2024-04-26 08:20:00+00:00,-0.2892431387435245,-0.33055556018942234,2024-04-26 08:30:00+00:00,198.235.24.81,6,2024-04-26 08:20:00+00:00,-0.8420140392882909,8,4,-0.21691456408900123,1,0
2024-04-26 08:20:00+00:00,-0.2886115519468575,-0.2879345609683962,2024-04-26 08:30:00+00:00,94.188.248.74,4,2024-04-26 08:20:00+00:00,1.3064049769720805,8,4,-0.21690623675830115,1,0
2024-04-26 08:20:00+00:00,-0.28729236606880393,-0.24011070327709177,2024-04-26 08:30:00+00:00,165.225.26.101,3,2024-04-26 08:20:00+00:00,1.0049161761800711,8,4,-0.21687302666151556,1,0
2024-04-26 08:20:00+00:00,4.125144170920079,4.111946798962689,2024-04-26 08:30:00+00:00,155.91.45.242,6,2024-04-26 08:20:00+00:00,-1.0628697898737605,8,4,3.6735459196620996,-1,1
2024-04-26 08:20:00+00:00,-0.2837288258857748,-0.17084666747865856,2024-04-26 08:30:00+00:00,165.225.209.4,2,2024-04-26 08:20:00+00:00,0.333243963845961,8,4,-0.21672766033926752,1,0
2024-04-26 08:20:00+00:00,-0.28835708234300167,-0.2868028213615683,2024-04-26 08:30:00+00:00,147.161.131.1,1,2024-04-26 08:20:00+00:00,0.8477513939780437,8,4,-0.21690372716111786,1,0
2024-04-26 08:20:00+00:00,-0.2878322086060162,-0.30924113092749667,2024-04-26 08:30:00+00:00,136.226.80.97,6,2024-04-26 08:20:00+00:00,-0.4213258575565424,8,4,-0.21690673375225658,1,0
2024-04-26 08:30:00+00:00,-0.28856519695260674,-0.2863941376146582,2024-04-26 08:40:00+00:00,147.161.161.82,0,2024-04-26 08:30:00+00:00,1.2751113410430313,8,4,-0.21690552187346898,1,0
2024-04-26 08:30:00+00:00,-0.28060082950289367,-0.14270643371305208,2024-04-26 08:40:00+00:00,136.226.67.101,6,2024-04-26 08:30:00+00:00,-0.007468751175648373,8,4,-0.21657748172010596,1,0
2024-04-26 08:30:00+00:00,-0.2828326293302596,-0.30837660761672536,2024-04-26 08:40:00+00:00,165.225.213.7,2,2024-04-26 08:30:00+00:00,-0.9297290737175017,8,4,-0.21688274945643818,1,0
2024-04-26 08:30:00+00:00,-0.27885430852159065,-0.2452899838388945,2024-04-26 08:40:00+00:00,136.226.64.114,6,2024-04-26 08:30:00+00:00,-0.690043871294194,8,4,-0.21672983497001383,1,0
2024-04-26 08:30:00+00:00,-0.28844013504103433,-0.28598545386774815,2024-04-26 08:40:00+00:00,136.226.77.103,2,2024-04-26 08:30:00+00:00,1.0297745005992436,8,4,-0.21690429255826407,1,0
2024-04-26 08:30:00+00:00,4.11392505515008,4.165857686692106,2024-04-26 08:40:00+00:00,155.91.45.242,6,2024-04-26 08:30:00+00:00,-1.0620932370815526,8,4,3.710732680817646,1,0
2024-04-26 08:30:00+00:00,-0.2879282986461819,-0.28024816280535664,2024-04-26 08:40:00+00:00,165.225.209.4,2,2024-04-26 08:30:00+00:00,0.5446004896799208,8,4,-0.21689772575412242,1,0
2024-04-26 08:30:00+00:00,-0.2871286749953558,-0.2742672333553841,2024-04-26 08:40:00+00:00,147.161.131.1,1,2024-04-26 08:30:00+00:00,0.12953451163914556,8,4,-0.21688658035117644,1,0
2024-04-26 08:40:00+00:00,-0.2859461397774374,-0.2859107904909088,2024-04-26 08:50:00+00:00,136.226.67.101,6,2024-04-26 08:40:00+00:00,-0.4450626130988708,8,4,-0.21688135001444592,1,0
2024-04-26 08:40:00+00:00,0.19246395843945754,-0.10967771359017502,2024-04-26 08:50:00+00:00,165.225.240.79,5,2024-04-26 08:40:00+00:00,-1.0914464658800973,8,4,-0.1956386712489526,1,0
2024-04-26 08:40:00+00:00,-0.28701761615496335,-0.24011856257991696,2024-04-26 08:50:00+00:00,165.225.26.101,3,2024-04-26 08:40:00+00:00,0.7766190894348945,8,4,-0.21686800982175386,1,0
2024-04-26 08:40:00+00:00,4.08644571798531,4.076634951369093,2024-04-26 08:50:00+00:00,155.91.45.242,6,2024-04-26 08:40:00+00:00,-1.0628261051260655,8,4,3.6088019967752696,-1,1
2024-04-26 08:40:00+00:00,-0.285109335558306,-0.21631273432240486,2024-04-26 08:50:00+00:00,165.225.209.4,2,2024-04-26 08:40:00+00:00,0.24715348685111524,8,4,-0.21681207709025965,1,0
2024-04-26 08:40:00+00:00,-0.2883068644325633,-0.28598545386774815,2024-04-26 08:50:00+00:00,147.161.131.1,1,2024-04-26 08:40:00+00:00,0.8036802563570513,8,4,-0.2169030694550321,1,0
2024-04-26 08:40:00+00:00,-0.28857775143021636,-0.2868028213615683,2024-04-26 08:50:00+00:00,136.226.80.97,6,2024-04-26 08:40:00+00:00,1.283747751139347,8,4,-0.21690571660659225,1,0
2024-04-26 08:50:00+00:00,-0.28854008799738756,-0.28598545386774815,2024-04-26 09:00:00+00:00,147.161.161.82,0,2024-04-26 08:50:00+00:00,1.2376891163452897,8,4,-0.21690520988568804,1,0
2024-04-26 08:50:00+00:00,-0.2820470087506135,-0.2306638212812088,2024-04-26 09:00:00+00:00,165.225.33.6,6,2024-04-26 08:50:00+00:00,-0.40751054996774866,8,4,-0.21676307714556312,1,0
2024-04-26 08:50:00+00:00,-0.28261099451399807,-0.22579105352958861,2024-04-26 09:00:00+00:00,136.226.67.101,6,2024-04-26 08:50:00+00:00,-0.31341794236347065,8,4,-0.216767714568854,1,0
2024-04-26 08:50:00+00:00,-0.2750560961801669,-0.2826373908642156,2024-04-26 09:00:00+00:00,136.226.64.114,6,2024-04-26 08:50:00+00:00,-0.936348287165435,8,4,-0.21677182267711742,1,0
2024-04-26 08:50:00+00:00,-0.2886834987608509,-0.28889339591306984,2024-04-26 09:00:00+00:00,165.225.240.79,5,2024-04-26 08:50:00+00:00,1.4460193475304368,8,4,-0.21690703808173967,1,0
2024-04-26 08:50:00+00:00,-0.28075389755682595,-0.2592638242620891,2024-04-26 09:00:00+00:00,136.226.77.103,2,2024-04-26 08:50:00+00:00,-0.6814620296541996,8,4,-0.21678702999773655,1,0
2024-04-26 08:50:00+00:00,-0.28637685493235093,-0.2633663803368403,2024-04-26 09:00:00+00:00,165.225.26.101,3,2024-04-26 08:50:00+00:00,0.015439759974663765,8,4,-0.2168710281806494,1,0
2024-04-26 08:50:00+00:00,4.097591438347744,4.003543435094791,2024-04-26 09:00:00+00:00,155.91.45.242,6,2024-04-26 08:50:00+00:00,-1.0638340572699154,8,4,3.554961216072897,-1,1
2024-04-26 08:50:00+00:00,-0.28929456381527147,-0.3120272537790279,2024-04-26 09:00:00+00:00,65.49.1.69,6,2024-04-26 08:50:00+00:00,2.717654200536371,8,4,-0.21691356414628787,1,0
2024-04-26 08:50:00+00:00,-0.28955217203852973,-0.33209598354316033,2024-04-26 09:00:00+00:00,65.49.1.72,6,2024-04-26 08:50:00+00:00,-0.6461916566848285,8,4,-0.21691467497892636,1,0
2024-04-26 08:50:00+00:00,-0.2893807551327065,-0.33052412297812156,2024-04-26 09:00:00+00:00,65.49.1.94,6,2024-04-26 08:50:00+00:00,-0.635927024450079,8,4,-0.2169146096535029,1,0
2024-04-26 08:50:00+00:00,-0.28835708234300167,-0.2863941376146582,2024-04-26 09:00:00+00:00,147.161.131.1,1,2024-04-26 08:50:00+00:00,0.8654000651506829,8,4,-0.21690362874781435,1,0
2024-04-26 08:50:00+00:00,-0.28869315605131984,-0.3201419839460405,2024-04-26 09:00:00+00:00,136.226.80.97,6,2024-04-26 08:50:00+00:00,-0.39159439063626694,8,4,-0.2169125635575444,1,0
2024-04-26 09:10:00+00:00,-0.2884357892603233,-0.28557677012083804,2024-04-26 09:20:00+00:00,147.161.161.82,0,2024-04-26 09:10:00+00:00,1.0404366893881405,9,4,-0.2169041606394372,1,0
2024-04-26 09:10:00+00:00,-0.2854767954606482,-0.25580573101900383,2024-04-26 09:20:00+00:00,136.226.67.101,6,2024-04-26 09:10:00+00:00,-0.136355936613052,9,4,-0.21685259209246838,1,0
2024-04-26 09:10:00+00:00,-0.2824941412993242,-0.27157935178916787,2024-04-26 09:20:00+00:00,165.225.213.7,2,2024-04-26 09:10:00+00:00,-0.6659544939436495,9,4,-0.21682950550086158,1,0
2024-04-26 09:00:00+00:00,-0.28275247381936763,-0.2620853139763337,2024-04-26 09:10:00+00:00,165.225.33.6,6,2024-04-26 09:00:00+00:00,-0.5759017677936479,9,4,-0.21681977696729504,1,0
2024-04-26 09:10:00+00:00,0.19503835064620817,-0.09678059765403195,2024-04-26 09:20:00+00:00,165.225.240.79,5,2024-04-26 09:10:00+00:00,-1.0901794249055146,9,4,-0.1942857102125125,1,0
2024-04-26 09:00:00+00:00,-0.28501083119552306,-0.21214730382505212,2024-04-26 09:10:00+00:00,136.226.67.101,6,2024-04-26 09:00:00+00:00,0.2656167275663704,9,4,-0.2168060452186352,1,0
2024-04-26 09:00:00+00:00,-0.28281862625907966,-0.27974516742454425,2024-04-26 09:10:00+00:00,165.225.213.7,2,2024-04-26 09:00:00+00:00,-0.7077614496237933,9,4,-0.21684434470320027,1,0
2024-04-26 09:00:00+00:00,-0.28218462513979553,-0.2753360985396105,2024-04-26 09:10:00+00:00,136.226.64.114,6,2024-04-26 09:00:00+00:00,-0.7114687342198486,9,4,-0.21683128341341912,1,0
2024-04-26 09:10:00+00:00,-0.28800507410540976,-0.31590581972326104,2024-04-26 09:20:00+00:00,136.226.77.103,2,2024-04-26 09:10:00+00:00,-0.5678323585695478,9,4,-0.21690959318021374,1,0
2024-04-26 09:10:00+00:00,-0.28717937577031766,-0.2746759171022942,2024-04-26 09:20:00+00:00,165.225.26.101,3,2024-04-26 09:10:00+00:00,0.14696676022071267,9,4,-0.21688735732413256,1,0
2024-04-26 09:00:00+00:00,-0.27783449864807336,-0.2333281249389495,2024-04-26 09:10:00+00:00,136.226.77.103,2,2024-04-26 09:00:00+00:00,-0.6735775101419703,9,4,-0.21668440685482251,1,0
2024-04-26 09:00:00+00:00,-0.28764147711925514,-0.30965767397723193,2024-04-26 09:10:00+00:00,165.225.26.101,3,2024-04-26 09:00:00+00:00,-0.501261627439942,9,4,-0.21690602224694838,1,0
2024-04-26 09:10:00+00:00,4.08498843285355,4.117357928957835,2024-04-26 09:20:00+00:00,155.91.45.242,6,2024-04-26 09:10:00+00:00,-1.0623203088930788,9,4,3.6428525542796826,-1,1
2024-04-26 09:00:00+00:00,-0.28862893506970155,-0.2564973496676209,2024-04-26 09:10:00+00:00,65.49.1.104,6,2024-04-26 09:00:00+00:00,3.1002233856179546,9,4,-0.21690051397428275,1,0
2024-04-26 09:10:00+00:00,-0.28818663116622534,-0.28466509099311554,2024-04-26 09:20:00+00:00,165.225.209.4,2,2024-04-26 09:10:00+00:00,0.6870434719294085,9,4,-0.21690160342565654,1,0
2024-04-26 09:00:00+00:00,4.101544891633456,4.157770464084981,2024-04-26 09:10:00+00:00,155.91.45.242,6,2024-04-26 09:00:00+00:00,-1.0620387891497278,9,4,3.692648638718584,-1,1
2024-04-26 09:00:00+00:00,-0.28824795496070293,-0.2496126003927511,2024-04-26 09:10:00+00:00,65.49.1.97,6,2024-04-26 09:00:00+00:00,2.159473908795707,9,4,-0.21689298295229223,1,0
2024-04-26 09:00:00+00:00,-0.28930301394443175,-0.3305791380978979,2024-04-26 09:10:00+00:00,65.49.1.99,6,2024-04-26 09:00:00+00:00,-0.7855900271207177,9,4,-0.21691458568604827,1,0
2024-04-26 09:00:00+00:00,-0.2893703735454524,-0.3146247533627544,2024-04-26 09:10:00+00:00,65.49.1.76,6,2024-04-26 09:00:00+00:00,3.4852918399919712,9,4,-0.21691397201197685,1,0
2024-04-26 09:00:00+00:00,-0.2891673290133435,-0.2969806185201943,2024-04-26 09:10:00+00:00,65.49.1.96,6,2024-04-26 09:00:00+00:00,3.4633040046939914,9,4,-0.2169118476094151,1,0
2024-04-26 09:00:00+00:00,-0.2892508645758996,-0.3302097508651138,2024-04-26 09:10:00+00:00,65.49.1.95,6,2024-04-26 09:00:00+00:00,-0.7788572357093864,9,4,-0.21691454472841495,1,0
2024-04-26 09:10:00+00:00,-0.288718265006539,-0.3205506676929506,2024-04-26 09:20:00+00:00,136.226.80.97,6,2024-04-26 09:10:00+00:00,-0.39540583719672623,9,4,-0.21691269307962577,1,0
2024-04-26 09:00:00+00:00,-0.28917843489738276,-0.2969806185201943,2024-04-26 09:10:00+00:00,65.49.1.74,6,2024-04-26 09:00:00+00:00,3.5926851439381777,9,4,-0.21691192532115888,1,0
2024-04-26 09:00:00+00:00,-0.2882392633992809,-0.28466509099311554,2024-04-26 09:10:00+00:00,165.225.209.4,2,2024-04-26 09:00:00+00:00,0.7582631295112532,9,4,-0.216902100242772,1,0
2024-04-26 09:00:00+00:00,-0.28877138010411807,-0.2733319763191861,2024-04-26 09:10:00+00:00,65.49.1.69,6,2024-04-26 09:00:00+00:00,2.747361580388561,9,4,-0.21690532506567467,1,0
2024-04-26 09:00:00+00:00,-0.28828175547734414,-0.2863941376146582,2024-04-26 09:10:00+00:00,147.161.131.1,1,2024-04-26 09:00:00+00:00,0.7496958791356177,9,4,-0.21690294353296022,1,0
2024-04-26 09:20:00+00:00,-0.2880055569699332,-0.3147505022079575,2024-04-26 09:30:00+00:00,147.161.161.82,0,2024-04-26 09:20:00+00:00,-0.5289717998290135,9,4,-0.21690923600945392,1,0
2024-04-26 09:20:00+00:00,-0.2836549476136876,-0.19562704928649471,2024-04-26 09:30:00+00:00,136.226.67.101,6,2024-04-26 09:20:00+00:00,0.09550336275735569,9,4,-0.2167543678661949,1,0
2024-04-26 09:20:00+00:00,0.17939836873180257,-0.13959807944568792,2024-04-26 09:30:00+00:00,165.225.240.79,5,2024-04-26 09:20:00+00:00,-1.0941176574687843,9,4,-0.19899772883545128,1,0
2024-04-26 09:20:00+00:00,-0.2886115519468575,-0.28835110401813147,2024-04-26 09:30:00+00:00,94.188.248.74,4,2024-04-26 09:20:00+00:00,1.283648441375491,9,4,-0.21690631604580163,1,0
2024-04-26 09:20:00+00:00,-0.28711805197584006,-0.2413288952149968,2024-04-26 09:30:00+00:00,165.225.26.101,3,2024-04-26 09:20:00+00:00,0.8282118225738118,9,4,-0.21687043386377797,1,0
2024-04-26 09:20:00+00:00,4.112199538775546,4.055953195984595,2024-04-26 09:30:00+00:00,155.91.45.242,6,2024-04-26 09:20:00+00:00,-1.0633816481731422,9,4,3.613265482707677,-1,1
2024-04-26 09:20:00+00:00,-0.28424307660324444,-0.23987885384374855,2024-04-26 09:30:00+00:00,165.225.209.4,2,2024-04-26 09:20:00+00:00,-0.2063460328318376,9,4,-0.2168170585368258,1,0
2024-04-26 09:20:00+00:00,-0.28710356604013665,-0.27322980538245856,2024-04-26 09:30:00+00:00,147.161.131.1,1,2024-04-26 09:20:00+00:00,0.13891093595963408,9,4,-0.21688578388519222,1,0
2024-04-26 09:30:00+00:00,-0.28851111612598085,-0.2863941376146582,2024-04-26 09:40:00+00:00,147.161.161.82,0,2024-04-26 09:30:00+00:00,1.1531774809239963,9,4,-0.21690502992434293,1,0
2024-04-26 09:30:00+00:00,-0.28615522011608935,-0.22905266420204407,2024-04-26 09:40:00+00:00,136.226.67.101,6,2024-04-26 09:30:00+00:00,0.4688072243313143,9,4,-0.21684475540829892,1,0
2024-04-26 09:30:00+00:00,-0.2790571116214378,-0.2790378301702768,2024-04-26 09:40:00+00:00,136.226.64.114,6,2024-04-26 09:30:00+00:00,-0.8501601904919573,9,4,-0.21680369385330817,1,0
2024-04-26 09:30:00+00:00,-0.287767021895351,-0.27693939631595005,2024-04-26 09:40:00+00:00,94.188.248.74,4,2024-04-26 09:30:00+00:00,0.49237439679133604,9,4,-0.21689487823765155,1,0
2024-04-26 09:30:00+00:00,0.011896769896945008,-0.18194400306783226,2024-04-26 09:40:00+00:00,165.225.240.79,5,2024-04-26 09:30:00+00:00,-1.089512940928259,9,4,-0.20792848503794129,1,0
2024-04-26 09:30:00+00:00,-0.28717937577031766,-0.2750846008492043,2024-04-26 09:40:00+00:00,165.225.26.101,3,2024-04-26 09:30:00+00:00,0.13800704927934543,9,4,-0.2168875511768187,1,0
2024-04-26 09:30:00+00:00,5.583736899808636,5.6763056594548065,2024-04-26 09:40:00+00:00,155.91.45.242,6,2024-04-26 09:30:00+00:00,-1.062012427048511,9,4,6.780819076435102,-1,1
2024-04-26 09:30:00+00:00,-0.2827964144910012,-0.1276676577570437,2024-04-26 09:40:00+00:00,165.225.209.4,2,2024-04-26 09:30:00+00:00,0.4680707649787915,9,4,-0.2166398069209166,1,0
2024-04-26 09:30:00+00:00,-0.287415979386806,-0.3104671821682269,2024-04-26 09:40:00+00:00,147.161.131.1,1,2024-04-26 09:30:00+00:00,-0.5852322367898476,9,4,-0.21690535720313417,1,0
2024-04-26 09:40:00+00:00,-0.2882803068837738,-0.31538710573679823,2024-04-26 09:50:00+00:00,147.161.161.82,0,2024-04-26 09:40:00+00:00,-0.42998635389738743,9,4,-0.21691035340830958,1,0
2024-04-26 09:40:00+00:00,-0.2876274740480752,-0.28001238372060083,2024-04-26 09:50:00+00:00,165.225.33.6,6,2024-04-26 09:40:00+00:00,0.2940449055884832,9,4,-0.21689453178640164,1,0
2024-04-26 09:40:00+00:00,-0.2802705501688568,-0.1663668648682981,2024-04-26 09:50:00+00:00,136.226.67.101,6,2024-04-26 09:40:00+00:00,-0.18022973143437696,9,4,-0.2166087037605513,1,0
2024-04-26 09:40:00+00:00,-0.2827148103865389,-0.2797530267273694,2024-04-26 09:50:00+00:00,165.225.212.255,2,2024-04-26 09:40:00+00:00,-0.713997539553543,9,4,-0.21684327414811388,1,0
2024-04-26 09:40:00+00:00,0.19859488929364735,-0.02306819645653905,2024-04-26 09:50:00+00:00,165.225.240.79,5,2024-04-26 09:40:00+00:00,-1.082446264742393,9,4,-0.1869843476859896,1,0
2024-04-26 09:40:00+00:00,-0.2877892336634295,-0.3150963115322661,2024-04-26 09:50:00+00:00,136.226.77.103,2,2024-04-26 09:40:00+00:00,-0.6103577413708816,9,4,-0.21690860676932963,1,0
2024-04-26 09:40:00+00:00,-0.2873425839792423,-0.24174543826473208,2024-04-26 09:50:00+00:00,165.225.26.101,3,2024-04-26 09:40:00+00:00,1.0142304376141573,9,4,-0.216874666857154,1,0
2024-04-26 09:40:00+00:00,5.794326190096383,5.788548292752812,2024-04-26 09:50:00+00:00,155.91.45.242,6,2024-04-26 09:40:00+00:00,-1.0629019797911523,9,4,7.167132543763689,-1,1
2024-04-26 09:40:00+00:00,-0.2880707436805984,-0.2810773192534146,2024-04-26 09:50:00+00:00,165.225.209.4,2,2024-04-26 09:40:00+00:00,0.6732120138255802,9,4,-0.21689944185322232,1,0
2024-04-26 09:40:00+00:00,-0.28860672330162307,-0.2863941376146582,2024-04-26 09:50:00+00:00,147.161.131.1,1,2024-04-26 09:40:00+00:00,1.3780175556778484,9,4,-0.21690589962011933,1,0
2024-04-26 09:40:00+00:00,-0.288527533519778,-0.28598545386774815,2024-04-26 09:50:00+00:00,136.226.80.97,6,2024-04-26 09:40:00+00:00,1.209387931269315,9,4,-0.21690509466581837,1,0
2024-04-26 09:50:00+00:00,-0.2843198520624723,-0.244417601225298,2024-04-26 10:00:00+00:00,136.226.67.101,6,2024-04-26 09:50:00+00:00,-0.23837653696584696,9,4,-0.21682319150708695,1,0
2024-04-26 09:50:00+00:00,-0.28257284821664586,-0.2719880355360779,2024-04-26 10:00:00+00:00,165.225.213.7,2,2024-04-26 09:50:00+00:00,-0.663959453020743,9,4,-0.21683101983312397,1,0
2024-04-26 09:50:00+00:00,-0.28221987425000705,-0.276169184639081,2024-04-26 10:00:00+00:00,136.226.64.114,6,2024-04-26 09:50:00+00:00,-0.7154735804694671,9,4,-0.21683289578874995,1,0
2024-04-26 09:50:00+00:00,-0.2886115519468575,-0.28834324471530626,2024-04-26 10:00:00+00:00,94.188.248.74,4,2024-04-26 09:50:00+00:00,1.284077809971653,9,4,-0.21690631454981107,1,0
2024-04-26 09:50:00+00:00,-0.28865838980563174,-0.28889339591306984,2024-04-26 10:00:00+00:00,165.225.240.79,5,2024-04-26 09:50:00+00:00,1.3755764621347608,9,4,-0.21690682212029944,1,0
2024-04-26 09:50:00+00:00,-0.28956182932899865,-0.331231460232389,2024-04-26 10:00:00+00:00,192.241.205.18,6,2024-04-26 09:50:00+00:00,4.517996063120499,9,4,-0.21691467365450814,-1,1
2024-04-26 09:50:00+00:00,-0.2795916426488922,-0.28047608258728723,2024-04-26 10:00:00+00:00,136.226.77.103,2,2024-04-26 09:50:00+00:00,-0.8434974316077689,9,4,-0.2168121821361894,1,0
2024-04-26 09:50:00+00:00,-0.28869315605131984,-0.31973330019913043,2024-04-26 10:00:00+00:00,165.225.26.101,3,2024-04-26 09:50:00+00:00,-0.3671928469332367,9,4,-0.21691249237909543,1,0
2024-04-26 09:50:00+00:00,5.796403231843985,5.802781490169238,2024-04-26 10:00:00+00:00,155.91.45.242,6,2024-04-26 09:50:00+00:00,-1.0627973384004452,9,4,7.186829999850506,-1,1
2024-04-26 09:50:00+00:00,-0.28818663116622534,-0.28466509099311554,2024-04-26 10:00:00+00:00,165.225.209.4,2,2024-04-26 09:50:00+00:00,0.6870434719294085,9,4,-0.21690160342565654,1,0
2024-04-26 09:50:00+00:00,-0.28739087043158684,-0.30923327162467146,2024-04-26 10:00:00+00:00,147.161.131.1,1,2024-04-26 09:50:00+00:00,-0.5616648331477196,9,4,-0.21690471511615322,1,0
